StoreID,Month,NumberOfSales
1000,3,204466.71875
1000,4,176861.4375
1001,3,204811.453125
1001,4,49214.8203125
